Workbook

Sheet SpeciesID
A1: SpeciesID | B1: GenusID | C1: Species_Name | D1: Genus | E1: Epithet
A2: 1 | B2: =_xlfn.XLOOKUP(D2,GenusID!B:B,GenusID!A:A) -> 1 | C2: Boscia albitrunca | D2: Boscia | E2: albitrunca
A3: 2 | B3: =_xlfn.XLOOKUP(D3,GenusID!B:B,GenusID!A:A) -> 2 | C3: Bridelia mollis | D3: Bridelia | E3: mollis
A4: 3 | B4: =_xlfn.XLOOKUP(D4,GenusID!B:B,GenusID!A:A) -> 3 | C4: Burkea africana | D4: Burkea | E4: africana
A5: 4 | B5: =_xlfn.XLOOKUP(D5,GenusID!B:B,GenusID!A:A) -> 4 | C5: Combretum apiculatum | D5: Combretum | E5: apiculatum
A6: 5 | B6: =_xlfn.XLOOKUP(D6,GenusID!B:B,GenusID!A:A) -> 4 | C6: Combretum molle | D6: Combretum | E6: molle
A7: 6 | B7: =_xlfn.XLOOKUP(D7,GenusID!B:B,GenusID!A:A) -> 4 | C7: Combretum zeyheri | D7: Combretum | E7: zeyheri
A8: 7 | B8: =_xlfn.XLOOKUP(D8,GenusID!B:B,GenusID!A:A) -> 5 | C8: Commiphora mollis | D8: Commiphora | E8: mollis
A9: 8 | B9: =_xlfn.XLOOKUP(D9,GenusID!B:B,GenusID!A:A) -> 6 | C9: Croton gratissimus | D9: Croton | E9: gratissimus
A10: 9 | B10: =_xlfn.XLOOKUP(D10,GenusID!B:B,GenusID!A:A) -> 7 | C10: Dichrostachys cinerea | D10: Dichrostachys | E10: cinerea
A11: 10 | B11: =_xlfn.XLOOKUP(D11,GenusID!B:B,GenusID!A:A) -> 8 | C11: Diplorhynchus condylocarpon | D11: Diplorhynchus | E11: condylocarpon
A12: 11 | B12: =_xlfn.XLOOKUP(D12,GenusID!B:B,GenusID!A:A) -> 9 | C12: Dombeya rotundifolia | D12: Dombeya | E12: rotundifolia
A13: 12 | B13: =_xlfn.XLOOKUP(D13,GenusID!B:B,GenusID!A:A) -> 10 | C13: Elephantorrhiza burkei | D13: Elephantorrhiza | E13: burkei
... A67: 66 | B67: =_xlfn.XLOOKUP(D67,GenusID!B:B,GenusID!A:A) -> 30 | C67: Senegalif cf burkei | D67: Senegalia | E67: burkei

Sheet GenusID
A1: GenusID | B1: Genus_List
A2: 1 | B2: {=_xlfn.UNIQUE(SpeciesID!D2:D47)} -> Boscia
A3: 2 | B3: Bridelia
A4: 3 | B4: Burkea
A5: 4 | B5: Combretum
A6: 5 | B6: Commiphora
A7: 6 | B7: Croton
A8: 7 | B8: Dichrostachys
A9: 8 | B9: Diplorhynchus
A10: 9 | B10: Dombeya
A11: 10 | B11: Elephantorrhiza
A12: 11 | B12: Englerophytum
A13: 12 | B13: Euclea
A14: 13 | B14: Gardenia
... A50: 49 | B50: Ancylobothrys

Sheet Dictionary
A1: SpeciesID | B1: Class | C1: Species_Name | D1: Genus | E1: Epithet | F1: Block_1 | G1: Block_2 | H1: Block_3 | I1: Block_4 | J1: Block_5 | K1: Block_6 | L1: Block_7 | M1: Block_8
A2: 0 | B2: 0 | C2: Dead wood | F2: FALSE | G2: FALSE | H2: FALSE | I2: FALSE | J2: FALSE | K2: FALSE | L2: FALSE | M2: FALSE
A3: 1 | B3: 0 | C3: Boscia albitrunca | D3: Boscia | E3: albitrunca | F3: FALSE | G3: FALSE | H3: TRUE | I3: FALSE | J3: FALSE | K3: FALSE | L3: FALSE | M3: FALSE
A4: 2 | B4: 0 | C4: Bridelia mollis | D4: Bridelia | E4: mollis | F4: TRUE | G4: FALSE | H4: TRUE | I4: TRUE | J4: TRUE | K4: TRUE | L4: TRUE | M4: TRUE
A5: 3 | B5: 1 | C5: Burkea africana | D5: Burkea | E5: africana | F5: TRUE | G5: TRUE | H5: TRUE | I5: TRUE | J5: TRUE | K5: TRUE | L5: TRUE | M5: TRUE
A6: 4 | B6: 2 | C6: Combretum apiculatum | D6: Combretum | E6: apiculatum | F6: TRUE | G6: TRUE | H6: TRUE | I6: TRUE | J6: TRUE | K6: TRUE | L6: TRUE | M6: TRUE
A7: 5 | B7: 3 | C7: Combretum molle | D7: Combretum | E7: molle | F7: TRUE | G7: TRUE | H7: TRUE | I7: TRUE | J7: TRUE | K7: TRUE | L7: TRUE | M7: TRUE
A8: 6 | B8: 4 | C8: Combretum zeyheri | D8: Combretum | E8: zeyheri | F8: TRUE | G8: TRUE | H8: TRUE | I8: TRUE | J8: TRUE | K8: TRUE | L8: TRUE | M8: TRUE
A9: 7 | B9: 5 | C9: Commiphora mollis | D9: Commiphora | E9: mollis | F9: TRUE | G9: TRUE | H9: TRUE | I9: TRUE | J9: TRUE | K9: TRUE | L9: TRUE | M9: TRUE
A10: 8 | B10: 0 | C10: Croton gratissimus | D10: Croton | E10: gratissimus | F10: TRUE | G10: TRUE | H10: TRUE | I10: FALSE | J10: TRUE | K10: FALSE | L10: TRUE | M10: TRUE
A11: 9 | B11: 6 | C11: Dichrostachys cinerea | D11: Dichrostachys | E11: cinerea | F11: TRUE | G11: TRUE | H11: TRUE | I11: TRUE | J11: TRUE | K11: TRUE | L11: TRUE | M11: TRUE
A12: 10 | B12: 7 | C12: Diplorhynchus condylocarpon | D12: Diplorhynchus | E12: condylocarpon | F12: TRUE | G12: TRUE | H12: TRUE | I12: TRUE | J12: TRUE | K12: TRUE | L12: TRUE | M12: TRUE
A13: 11 | B13: 0 | C13: Dombeya rotundifolia | D13: Dombeya | E13: rotundifolia | F13: FALSE | G13: TRUE | H13: TRUE | I13: TRUE | J13: TRUE | K13: TRUE | L13: TRUE | M13: TRUE
A14: 12 | B14: 8 | C14: Elephantorrhiza burkei | D14: Elephantorrhiza | E14: burkei | F14: TRUE | G14: TRUE | H14: TRUE | I14: FALSE | J14: TRUE | K14: TRUE | L14: TRUE | M14: TRUE
... A68: 66 | B68: 0 | C68: Senegalif cf burkei | D68: Senegalia | E68: burkei | F68: FALSE | G68: FALSE | H68: FALSE | I68: FALSE | J68: FALSE | K68: FALSE | L68: FALSE | M68: FALSE

Sheet Options
A1: Presence
A2: TRUE
A3: FALSE
